{
  "S0": {
    "strategy_id": "S0",
    "rsi_threshold": 69,
    "ma_period": 20,
    "score": 1.093458728866588,
    "sharpe": 0.7069568695063739,
    "drawdown": 0.1786657835555875
  },
  "S1": {
    "strategy_id": "S1",
    "rsi_threshold": 79,
    "ma_period": 10,
    "score": 1.5635758762040615,
    "sharpe": 2.5123749688391035,
    "drawdown": 0.1903476550051983
  },
  "S2": {
    "strategy_id": "S2",
    "rsi_threshold": 75,
    "ma_period": 50,
    "score": 1.099999083036428,
    "sharpe": 1.4875606173818592,
    "drawdown": 0.07888174720372752
  },
  "S3": {
    "strategy_id": "S3",
    "rsi_threshold": 49,
    "ma_period": 50,
    "score": 1.4433929074905034,
    "sharpe": 1.3020810886178433,
    "drawdown": 0.07053819018825908
  },
  "S4": {
    "strategy_id": "S4",
    "rsi_threshold": 80,
    "ma_period": 50,
    "score": 1.6027852196226307,
    "sharpe": 1.3643661431650296,
    "drawdown": 0.24330936796340308
  },
  "S5": {
    "strategy_id": "S5",
    "rsi_threshold": 55,
    "ma_period": 50,
    "score": 1.647549001876689,
    "sharpe": 2.4435316885492377,
    "drawdown": 0.07616904077408755
  },
  "S6": {
    "strategy_id": "S6",
    "rsi_threshold": 78,
    "ma_period": 20,
    "score": 0.5268964149267177,
    "sharpe": 2.238773436428988,
    "drawdown": 0.10992907029203364
  },
  "S7": {
    "strategy_id": "S7",
    "rsi_threshold": 38,
    "ma_period": 50,
    "score": 1.0505842496182163,
    "sharpe": 0.9795768830807506,
    "drawdown": 0.12869130106777063
  },
  "S8": {
    "strategy_id": "S8",
    "rsi_threshold": 71,
    "ma_period": 20,
    "score": 0.6225387488707556,
    "sharpe": 2.7914924541288766,
    "drawdown": 0.09110691090130277
  },
  "S9": {
    "strategy_id": "S9",
    "rsi_threshold": 55,
    "ma_period": 50,
    "score": 1.6208979439448425,
    "sharpe": 0.5867295478479266,
    "drawdown": 0.05135128230854627
  },
  "S10": {
    "strategy_id": "S10",
    "rsi_threshold": 57,
    "ma_period": 20,
    "score": 1.2609134641273403,
    "sharpe": 1.220044981715893,
    "drawdown": 0.14461843151974763
  },
  "S11": {
    "strategy_id": "S11",
    "rsi_threshold": 77,
    "ma_period": 10,
    "score": 1.4557851583433312,
    "sharpe": 2.251000567615182,
    "drawdown": 0.18897145324795267
  },
  "S12": {
    "strategy_id": "S12",
    "rsi_threshold": 39,
    "ma_period": 50,
    "score": 1.0963267705682207,
    "sharpe": 1.7446308856220112,
    "drawdown": 0.17454124084836442
  },
  "S13": {
    "strategy_id": "S13",
    "rsi_threshold": 61,
    "ma_period": 10,
    "score": 1.3995575207813633,
    "sharpe": 0.7030602947655393,
    "drawdown": 0.09284095259111691
  },
  "S14": {
    "strategy_id": "S14",
    "rsi_threshold": 73,
    "ma_period": 20,
    "score": 1.9558388474714812,
    "sharpe": 1.1169497968976898,
    "drawdown": 0.2119928603419905
  },
  "S15": {
    "strategy_id": "S15",
    "rsi_threshold": 80,
    "ma_period": 20,
    "score": 1.9925860385991823,
    "sharpe": 2.5645682118961037,
    "drawdown": 0.0558330667996851
  },
  "S16": {
    "strategy_id": "S16",
    "rsi_threshold": 24,
    "ma_period": 10,
    "score": 1.0110624213643984,
    "sharpe": 1.3833102983722638,
    "drawdown": 0.0656398863122692
  },
  "S17": {
    "strategy_id": "S17",
    "rsi_threshold": 59,
    "ma_period": 50,
    "score": 1.2549134050314905,
    "sharpe": 1.593988096576578,
    "drawdown": 0.15675623116028753
  },
  "S18": {
    "strategy_id": "S18",
    "rsi_threshold": 32,
    "ma_period": 10,
    "score": 1.0281300952736603,
    "sharpe": 0.5027323804564585,
    "drawdown": 0.18842535385500753
  },
  "S19": {
    "strategy_id": "S19",
    "rsi_threshold": 43,
    "ma_period": 10,
    "score": 1.9746377561187949,
    "sharpe": 1.7737512204368595,
    "drawdown": 0.2125749170301397
  },
  "S20": {
    "strategy_id": "S20",
    "rsi_threshold": 62,
    "ma_period": 10,
    "score": 1.483991507815495,
    "sharpe": 0.7306300050920387,
    "drawdown": 0.12877789003099194
  },
  "S21": {
    "strategy_id": "S21",
    "rsi_threshold": 27,
    "ma_period": 50,
    "score": 1.5336115528062049,
    "sharpe": 2.8467739022658405,
    "drawdown": 0.22925551919015952
  },
  "S22": {
    "strategy_id": "S22",
    "rsi_threshold": 69,
    "ma_period": 50,
    "score": 1.3490900327909738,
    "sharpe": 0.7993292181861446,
    "drawdown": 0.09714399888444239
  },
  "S23": {
    "strategy_id": "S23",
    "rsi_threshold": 67,
    "ma_period": 50,
    "score": 0.7611558188124996,
    "sharpe": 1.6343769091742975,
    "drawdown": 0.12364647658600958
  },
  "S24": {
    "strategy_id": "S24",
    "rsi_threshold": 46,
    "ma_period": 50,
    "score": 0.8564612714203028,
    "sharpe": 0.8866862012062333,
    "drawdown": 0.21343534902347444
  },
  "S25": {
    "strategy_id": "S25",
    "rsi_threshold": 50,
    "ma_period": 50,
    "score": 1.8734634212324637,
    "sharpe": 2.8931871008473635,
    "drawdown": 0.20603108912982232
  },
  "S26": {
    "strategy_id": "S26",
    "rsi_threshold": 74,
    "ma_period": 50,
    "score": 0.8619440628026893,
    "sharpe": 1.7450622472224118,
    "drawdown": 0.18050859792391466
  },
  "S27": {
    "strategy_id": "S27",
    "rsi_threshold": 31,
    "ma_period": 20,
    "score": 1.2425403141984486,
    "sharpe": 1.2454586616763772,
    "drawdown": 0.24271239609138678
  },
  "S28": {
    "strategy_id": "S28",
    "rsi_threshold": 72,
    "ma_period": 50,
    "score": 1.1328279473958052,
    "sharpe": 2.4199450676368484,
    "drawdown": 0.23095527453188341
  },
  "S29": {
    "strategy_id": "S29",
    "rsi_threshold": 59,
    "ma_period": 20,
    "score": 1.2452621295154034,
    "sharpe": 1.3130761558549713,
    "drawdown": 0.2021642668108075
  },
  "S30": {
    "strategy_id": "S30",
    "rsi_threshold": 44,
    "ma_period": 10,
    "score": 0.8883468060265973,
    "sharpe": 0.5493364189887374,
    "drawdown": 0.24703346335641369
  },
  "S31": {
    "strategy_id": "S31",
    "rsi_threshold": 34,
    "ma_period": 10,
    "score": 1.8988070259896461,
    "sharpe": 1.32721735087814,
    "drawdown": 0.11337183010146615
  },
  "S32": {
    "strategy_id": "S32",
    "rsi_threshold": 69,
    "ma_period": 50,
    "score": 1.0333235338848568,
    "sharpe": 0.9736094574738642,
    "drawdown": 0.05887511525347662
  },
  "S33": {
    "strategy_id": "S33",
    "rsi_threshold": 43,
    "ma_period": 50,
    "score": 0.6513908765011247,
    "sharpe": 2.2671089872381067,
    "drawdown": 0.07923796731509435
  },
  "S34": {
    "strategy_id": "S34",
    "rsi_threshold": 56,
    "ma_period": 20,
    "score": 1.9060335208181516,
    "sharpe": 2.2221943102983683,
    "drawdown": 0.1144528509628255
  },
  "S35": {
    "strategy_id": "S35",
    "rsi_threshold": 56,
    "ma_period": 20,
    "score": 0.6007672450779319,
    "sharpe": 0.8775868129013857,
    "drawdown": 0.11106241711060934
  },
  "S36": {
    "strategy_id": "S36",
    "rsi_threshold": 58,
    "ma_period": 50,
    "score": 1.9568566867559398,
    "sharpe": 1.940839965001943,
    "drawdown": 0.16823724004025148
  },
  "S37": {
    "strategy_id": "S37",
    "rsi_threshold": 50,
    "ma_period": 50,
    "score": 1.1198923238839602,
    "sharpe": 2.8242329634962196,
    "drawdown": 0.23448438468520805
  },
  "S38": {
    "strategy_id": "S38",
    "rsi_threshold": 63,
    "ma_period": 10,
    "score": 1.7658668442352303,
    "sharpe": 0.6271068516417473,
    "drawdown": 0.2478311994596702
  },
  "S39": {
    "strategy_id": "S39",
    "rsi_threshold": 71,
    "ma_period": 50,
    "score": 1.7776437158366551,
    "sharpe": 2.303156913720212,
    "drawdown": 0.07984575840990499
  },
  "S40": {
    "strategy_id": "S40",
    "rsi_threshold": 46,
    "ma_period": 20,
    "score": 0.7253451771775018,
    "sharpe": 1.1450076479570357,
    "drawdown": 0.1430378923622308
  },
  "S41": {
    "strategy_id": "S41",
    "rsi_threshold": 24,
    "ma_period": 10,
    "score": 1.4158642336905072,
    "sharpe": 1.6603314445763282,
    "drawdown": 0.057787513031440856
  },